insert into PIATA values("Margerita",6,10,"Petame ta ilika sti vasi kai olo sto fourno");
insert into PIATA values("Marinara",6,13,"Petame ta ilika sti vasi kai olo sto fourno");
insert into PIATA values("Capriciosa",7,15,"Petame ta ilika sti vasi kai olo sto fourno");
insert into PIATA values("Emiliana",7,14,"Petame ta ilika sti vasi kai olo sto fourno");
insert into PIATA values("4 Stagioni",7.5,16,"Petame ta ilika sti vasi kai olo sto fourno");
insert into PIATA values("Peperoni",8,13,"Petame ta ilika sti vasi kai olo sto fourno");

insert into PIATA values("Spaggeti me tomatinia kai tono",7,10,"Petame ta ilika sti katsarola kai olo sto fourno");
insert into PIATA values("Pennes me araka kai loukanika",6,13,"Petame ta ilika sti katsarola kai olo sto fourno");
insert into PIATA values("Napoliten",4,10,"Petame ta ilika sti katsarola kai olo sto fourno");
insert into PIATA values("Karmponara",5,15,"Petame ta ilika sti katsarola kai olo sto fourno");

insert into PIATA values("Rizi atmou",2,9,"Petame to rizi se nero pou vrazei");
insert into PIATA values("Rizi atmou me auga",3,10,"Petame to rizi se nero pou vrazei kai meta auga");
insert into PIATA values("Nioki me 4 tiria",6,20,"poli aplo");

insert into PIATA values("Caprese",5,12,"akoma pio aplo");
insert into PIATA values("Italiana",5,10,"akoma pio aplo");
insert into PIATA values("Ceasars",5,12,"akoma pio aplo");

insert into PIATA values("Spring Rolls",4,10,"aplo psisimo");
insert into PIATA values("Cheese Rolls",3,7,"aplo psisimo");

insert into PIATA values("Sharks fin",4.5,30,"stotoneis ton karxaria kai tou pairneis ta prerigia.Aplo");
insert into PIATA values("Chicken noodles",3.5,20,"Ypervolika aplo");

insert into PIATA values("Piato Imeras",NULL,NULL,NULL);


insert into SISTATIKA values("Saltsa Tomatas", 10, 100,1);
insert into SISTATIKA values("Tiri", 20, 300,0.5);
insert into SISTATIKA values("Rigani",10, 50,0.1);
insert into SISTATIKA values("Elies",5, 30,0.8);
insert into SISTATIKA values("Atzougies",5, 70,1);
insert into SISTATIKA values("Skordo",2, 12,0.2);
insert into SISTATIKA values("Prosouto",8, 19,1.2);
insert into SISTATIKA values("Parmezana",7, 20,3.1);
insert into SISTATIKA values("Zampon",30, 100,0.9);
insert into SISTATIKA values("Manitaria",70, 300,0.6);
insert into SISTATIKA values("Salami",40, 500,0.9);
insert into SISTATIKA values("Piperies",40, 900,0.1);
insert into SISTATIKA values("Tomatinia",30, 400,0.1);
insert into SISTATIKA values("Tonos",30, 400,2.0);
insert into SISTATIKA values("Arakas",100, 300,0.8);
insert into SISTATIKA values("Loukanika",60, 200,1);
insert into SISTATIKA values("Vasilikos",30, 80,0.1);
insert into SISTATIKA values("Mpeikon",50, 90,1.7);
insert into SISTATIKA values("Krema Galaktos",50, 90,1.3);
insert into SISTATIKA values("Spaggeti",100, 500,NULL);
insert into SISTATIKA values("Pennes",100, 300,NULL);
insert into SISTATIKA values("Rizi",30, 100,1.0);
insert into SISTATIKA values("Avga",30, 100,1.1);
insert into SISTATIKA values("Rokfor",10, 20,1.0);
insert into SISTATIKA values("Feta",20, 10,0.7);
insert into SISTATIKA values("Gouda",30, 20,0.9);
insert into SISTATIKA values("Motsarela",30, 20,1.2);
insert into SISTATIKA values("Tomata",50, 120,1);
insert into SISTATIKA values("Roka",10, 100,1);
insert into SISTATIKA values("Marouli",20, 100,1);
insert into SISTATIKA values("Kotopoulo",40, 30,1.9);
insert into SISTATIKA values("Krouton",50, 51,0.1);
insert into SISTATIKA values("Zimari",50, 70,NULL);
insert into SISTATIKA values("Laxanika",30, 70,1);
insert into SISTATIKA values("Pterigia Karxaria",5, 0,5);

insert into SISTATIKA_PIATWN values("Peperoni", "Saltsa Tomatas");
insert into SISTATIKA_PIATWN values("Peperoni", "Tiri");
insert into SISTATIKA_PIATWN values("Peperoni", "Rigani");
insert into SISTATIKA_PIATWN values("Peperoni", "Piperies");
insert into SISTATIKA_PIATWN values("Marinara", "Saltsa Tomatas");
insert into SISTATIKA_PIATWN values("Marinara", "Elies");
insert into SISTATIKA_PIATWN values("Marinara", "Atzougies");
insert into SISTATIKA_PIATWN values("Marinara", "Skordo");
insert into SISTATIKA_PIATWN values("Marinara", "Rigani");
insert into SISTATIKA_PIATWN values("Margerita", "Tiri");
insert into SISTATIKA_PIATWN values("Margerita", "Saltsa Tomatas");
insert into SISTATIKA_PIATWN values("Emiliana", "Tiri");
insert into SISTATIKA_PIATWN values("Emiliana", "Saltsa Tomatas");
insert into SISTATIKA_PIATWN values("Emiliana", "Rigani");
insert into SISTATIKA_PIATWN values("Emiliana", "Prosouto");
insert into SISTATIKA_PIATWN values("Emiliana", "Parmezana");
insert into SISTATIKA_PIATWN values("Capriciosa", "Tiri");
insert into SISTATIKA_PIATWN values("Capriciosa", "Saltsa Tomatas");
insert into SISTATIKA_PIATWN values("Capriciosa", "Zampon");
insert into SISTATIKA_PIATWN values("Capriciosa", "Manitaria");
insert into SISTATIKA_PIATWN values("Capriciosa", "Elies");
insert into SISTATIKA_PIATWN values("4 Stagioni", "Saltsa Tomatas");
insert into SISTATIKA_PIATWN values("4 Stagioni", "Tiri");
insert into SISTATIKA_PIATWN values("4 Stagioni", "Zampon");
insert into SISTATIKA_PIATWN values("4 Stagioni", "Manitaria");
insert into SISTATIKA_PIATWN values("4 Stagioni", "Salami");
insert into SISTATIKA_PIATWN values("4 Stagioni", "Elies");
insert into SISTATIKA_PIATWN values("Spaggeti me tomatinia kai tono","Tonos");
insert into SISTATIKA_PIATWN values("Spaggeti me tomatinia kai tono","Tomatinia");
insert into SISTATIKA_PIATWN values("Spaggeti me tomatinia kai tono","Spaggeti");
insert into SISTATIKA_PIATWN values("Pennes me araka kai loukanika", "Arakas");
insert into SISTATIKA_PIATWN values("Pennes me araka kai loukanika", "Loukanika");
insert into SISTATIKA_PIATWN values("Pennes me araka kai loukanika", "Pennes");
insert into SISTATIKA_PIATWN values("Napoliten", "Saltsa Tomatas");
insert into SISTATIKA_PIATWN values("Napoliten", "Vasilikos");
insert into SISTATIKA_PIATWN values("Karmponara", "Mpeikon");
insert into SISTATIKA_PIATWN values("Karmponara", "Krema Galaktos");
insert into SISTATIKA_PIATWN values("Napoliten", "Spaggeti");
insert into SISTATIKA_PIATWN values("Karmponara", "Spaggeti");
insert into SISTATIKA_PIATWN values("Rizi atmou", "Rizi");
insert into SISTATIKA_PIATWN values("Rizi atmou", "Avga");
insert into SISTATIKA_PIATWN values("Nioki me 4 tiria", "Tiri");
insert into SISTATIKA_PIATWN values("Nioki me 4 tiria", "Gouda");
insert into SISTATIKA_PIATWN values("Nioki me 4 tiria", "Rokfor");
insert into SISTATIKA_PIATWN values("Nioki me 4 tiria", "Feta");
insert into SISTATIKA_PIATWN values("Caprese", "Tomata");
insert into SISTATIKA_PIATWN values("Caprese", "Motsarela");
insert into SISTATIKA_PIATWN values("Caprese", "Vasilikos");
insert into SISTATIKA_PIATWN values("Italiana", "Roka");
insert into SISTATIKA_PIATWN values("Italiana", "Marouli");
insert into SISTATIKA_PIATWN values("Italiana", "Parmezana");
insert into SISTATIKA_PIATWN values("Italiana", "Motsarela");
insert into SISTATIKA_PIATWN values("Italiana", "Tomatinia");
insert into SISTATIKA_PIATWN values("Ceasars", "Marouli");
insert into SISTATIKA_PIATWN values("Ceasars", "Roka");
insert into SISTATIKA_PIATWN values("Ceasars", "Mpeikon");
insert into SISTATIKA_PIATWN values("Ceasars", "Kotopoulo");
insert into SISTATIKA_PIATWN values("Ceasars", "Krouton");
insert into SISTATIKA_PIATWN values("Ceasars", "Parmezana");
insert into SISTATIKA_PIATWN values("Spring Rolls", "Zimari");
insert into SISTATIKA_PIATWN values("Spring Rolls", "Laxanika");
insert into SISTATIKA_PIATWN values("Cheese Rolls", "Zimari");
insert into SISTATIKA_PIATWN values("Cheese Rolls", "Tiri");
insert into SISTATIKA_PIATWN values("Sharks fin", "Pterigia Karxaria");
insert into SISTATIKA_PIATWN values("Sharks fin", "Rizi");
insert into SISTATIKA_PIATWN values("Chicken noodles", "Rizi");
insert into SISTATIKA_PIATWN values("Chicken noodles", "Kotopoulo");
insert into SISTATIKA_PIATWN values("Chicken noodles", "Spaggeti");




insert into KIRIWS_PIATO values("Peperoni","pizza", 8, NULL);
insert into KIRIWS_PIATO values("Peperoni","pizza", 16, NULL);
insert into KIRIWS_PIATO values("Marinara","pizza", 8, NULL);
insert into KIRIWS_PIATO values("Margerita","pizza", 8, NULL);
insert into KIRIWS_PIATO values("Margerita","pizza", 16, NULL);
insert into KIRIWS_PIATO values("Emiliana","pizza", 8, NULL);
insert into KIRIWS_PIATO values("Capriciosa","pizza", 8, NULL);
insert into KIRIWS_PIATO values("Capriciosa","pizza", 16, NULL);
insert into KIRIWS_PIATO values("4 Stagioni","pizza", 4, NULL);
insert into KIRIWS_PIATO values("4 Stagioni","pizza", 8, NULL);
insert into KIRIWS_PIATO values("Spaggeti me tomatinia kai tono","zimarika", NULL, "kokkini");
insert into KIRIWS_PIATO values("Pennes me araka kai loukanika","zimarika", NULL, "aspri");
insert into KIRIWS_PIATO values("Napoliten","zimarika", NULL, "kokkini");
insert into KIRIWS_PIATO values("Karmponara","zimarika", NULL, "aspri");
insert into KIRIWS_PIATO values("Rizi atmou","rizoto", NULL, NULL);
insert into KIRIWS_PIATO values("Rizi atmou me auga","rizoto", NULL, NULL);
insert into KIRIWS_PIATO values("Nioki me 4 tiria","nioki", NULL, NULL);


insert into SALATA values("Caprese");
insert into SALATA values("Italiana");
insert into SALATA values("Ceasars");

insert into OREKTIKA values("Spring Rolls");
insert into OREKTIKA values("Cheese Rolls");

insert into SOUPA values("Sharks fin");
insert into SOUPA values("Chicken noodles");

insert into PIATA_IMERAS values(40, "Sharks fin", "Spring Rolls", "Marinara", "2015-02-20");
insert into PIATA_IMERAS values(30, "Sharks fin", "Cheese Rolls", "Napoliten", "2015-02-21");
insert into PIATA_IMERAS values(30, "Chicken noodles", "Cheese Rolls", "Karmponara", "2015-02-22");
insert into PIATA_IMERAS values(20, "Chicken noodles", "Spring Rolls", "Capriciosa", "2015-02-23");
insert into PIATA_IMERAS values(50, "Sharks fin", "Spring Rolls", "Spaggeti me tomatinia kai tono", "2015-02-24");
insert into PIATA_IMERAS values(35, "Sharks fin", "Cheese Rolls", "Nioki me 4 tiria", "2015-02-25");
insert into PIATA_IMERAS values(40, "Sharks fin", "Cheese Rolls", "Peperoni", "2015-02-26");
insert into PIATA_IMERAS values(30, "Chicken noodles", "Spring Rolls", "Emiliana", "2015-02-27");
insert into PIATA_IMERAS values(100, "Chicken noodles", "Spring Rolls", "Napoliten", "2015-02-28");
insert into PIATA_IMERAS values(100, "Chicken noodles", "Cheese Rolls", "Napoliten", "2015-03-01");

insert into TRAPEZIA values(NULL,"parathiro","8");
insert into TRAPEZIA values(NULL,"parathiro","12");
insert into TRAPEZIA values(NULL,"sala","4");
insert into TRAPEZIA values(NULL,"sala","12");
insert into TRAPEZIA values(NULL,"sala","12");
insert into TRAPEZIA values(NULL,"kipos","8");
insert into TRAPEZIA values(NULL,"kipos","8");
insert into TRAPEZIA values(NULL,"kipos","4");
insert into TRAPEZIA values(NULL,"aithrio","12");
insert into TRAPEZIA values(NULL,"aithrio","4");

insert into POTA values("Portokalada", 2.5, "anapsiktiko");
insert into POTA values("Sprite", 3, "anapsiktiko");
insert into POTA values("Cola", 3, "anapsiktiko");
insert into POTA values("Motion", 2, "ximos");
insert into POTA values("Amita", 2, "ximos");
insert into POTA values("Mpoutari 1980", 15, "krasi");
insert into POTA values("Agiorgitiko", 20, "krasi");
insert into POTA values("Amstel", 3, "mpira");
insert into POTA values("Heineken", 3.5, "mpira");
insert into POTA values("Vareli", 2.5, "mpira");

insert into PELATIS values(NULL,"Takis Peristeris", 10, 1);
insert into PELATIS values(NULL,"Makis Kotsampasis", 20, 4);
insert into PELATIS values(NULL,"Dionisis Maurotsoukalos", 100, 0);
insert into PELATIS values(NULL,"Konstantinos Katakouzinos", 80, 2);
insert into PELATIS values(NULL,"Eleni Vlahaki", 100, 7);
insert into PELATIS values(NULL,"Manthos Foustanos", 1000, 14);

insert into YPALLILOS values(NULL, 1200, "2013-12-12", "Alexis Alexiou", 4, 6, "Mageirikis", "apo to MasterShef", 2, 16);
insert into YPALLILOS values(NULL, 1500, "2012-06-04", "Nena Ismigonoglou", 8, 5, "Mageirikis", "apo to MasterShef", 6, 26);
insert into YPALLILOS values(NULL, 2500, "2011-03-10", "Ektoras Mpotrini", 9, 7, "Mageirikis", "De xreizontai sistaseis", 10, 30);
insert into YPALLILOS values(NULL, 700, "2014-03-10", "Kostas Liapis", 4, 8, "CEID", "Unix system administrator", 1, 10);
insert into YPALLILOS values(NULL, 700, "2015-01-25", "Kostas Lafazanis", 2, 4, "Servirismatos", "...", 0, 11);
insert into YPALLILOS values(NULL, 700, "2012-10-10", "Takis Tsoukalas", 7, 14, "-", "...", 2, 5);
insert into YPALLILOS values(NULL, 700, "2012-10-10", "Giorgos Mparoufakos", 7, 14, "-", "...", 0, 9);
insert into YPALLILOS values(NULL, 900, "2013-10-10", "Giorgos Papakonstantinou", 4, 8, "-", "...", 1,10);
insert into YPALLILOS values(NULL, 900, "2013-10-11", "Giorgos Varoufakis", 3, 6, "-", "...", 1,11);
insert into YPALLILOS values(NULL, 800, "2012-12-21", "Zeta Katastrofidi", 5, 10, "-", "...", 0,10);
insert into YPALLILOS values(NULL, 800, "2012-12-22", "Tanis Kostidi", 2, 4, "-", "...", 1,10);
insert into YPALLILOS values(NULL, 1000, "2014-10-01", "Apostolia Maniati", 7, 7, "-", "...", 2,11);
insert into YPALLILOS values(NULL, 1000, "2014-10-01", "Apostolia Xarapi", 7, 7, "-", "...", 2,11);
insert into YPALLILOS values(NULL, 1000, "2012-10-01", "Kleontas Elenxidis", 7, 14, "-", "...", 2,12);

insert into MAGEIRES values(1);
insert into MAGEIRES values(2);
insert into MAGEIRES values(3);


insert into SERVITOROI values (4, 2);
insert into SERVITOROI values (4, 3);
insert into SERVITOROI values (4, 4);
insert into SERVITOROI values (4, 9);
insert into SERVITOROI values (4, 10);
insert into SERVITOROI values (5, 5);
insert into SERVITOROI values (5, 6);
insert into SERVITOROI values (5, 7);
insert into SERVITOROI values (5, 8);

insert into SERVITOROI_MONO values (4);
insert into SERVITOROI_MONO values (5);

insert into KATHARISTES values(6);
insert into KATHARISTES values(7);

insert into YPAL_TAMEIOY values(8);
insert into YPAL_TAMEIOY values(9);

insert into THLEPHONITES values(10);
insert into THLEPHONITES values(11);

insert into YPALL_PARAGELIWN values(12);
insert into YPALL_PARAGELIWN values(13);

insert into YPALL_VARDIAS values(14);	

insert into VARDIA values("2015-02-21", "prwini", 4, 5, 1, 2, 3, 6, 7, 8, 10, 12, 13, 14);
insert into VARDIA values("2015-02-22", "vradini", 4, 5, 1, 2, 3, 6, 7, 9, 11, 12, 13, 14);

insert into WRES_ERGASIAS values("2015-01-01", 1, 6);
insert into WRES_ERGASIAS values("2015-01-01", 2, 5);
insert into WRES_ERGASIAS values("2015-01-01", 3, 4);
insert into WRES_ERGASIAS values("2015-01-01", 4, 8);
insert into WRES_ERGASIAS values("2015-01-01", 5, 10);
insert into WRES_ERGASIAS values("2015-01-01", 6, 5);
insert into WRES_ERGASIAS values("2015-01-01", 7, 10);
insert into WRES_ERGASIAS values("2015-01-01", 8, 8);
insert into WRES_ERGASIAS values("2015-01-01", 9, 10);
insert into WRES_ERGASIAS values("2015-01-01", 10, 3);
insert into WRES_ERGASIAS values("2015-01-01", 11, 3);

insert into WRES_ERGASIAS values("2015-01-02", 1, 10);
insert into WRES_ERGASIAS values("2015-01-02", 2, 3);
insert into WRES_ERGASIAS values("2015-01-02", 3, 4);
insert into WRES_ERGASIAS values("2015-01-02", 4, 6);
insert into WRES_ERGASIAS values("2015-01-02", 5, 11);
insert into WRES_ERGASIAS values("2015-01-02", 6, 8);
insert into WRES_ERGASIAS values("2015-01-02", 7, 8);
insert into WRES_ERGASIAS values("2015-01-02", 8, 2);
insert into WRES_ERGASIAS values("2015-01-02", 9, 8);
insert into WRES_ERGASIAS values("2015-01-02", 10, 4);
insert into WRES_ERGASIAS values("2015-01-02", 11, 2);

insert into WRES_ERGASIAS values("2015-01-03", 1, 3);
insert into WRES_ERGASIAS values("2015-01-03", 2, 4);
insert into WRES_ERGASIAS values("2015-01-03", 3, 6);
insert into WRES_ERGASIAS values("2015-01-03", 4, 8);
insert into WRES_ERGASIAS values("2015-01-03", 5, 8);
insert into WRES_ERGASIAS values("2015-01-03", 6, 7);
insert into WRES_ERGASIAS values("2015-01-03", 7, 7);
insert into WRES_ERGASIAS values("2015-01-03", 8, 6);
insert into WRES_ERGASIAS values("2015-01-03", 9, 5);
insert into WRES_ERGASIAS values("2015-01-03", 10, 6);
insert into WRES_ERGASIAS values("2015-01-03", 11, 5);


insert into PARAGELIA values(1,1,"2015-02-12",2,"22:35");
insert into PARAGELIA values(2,6,"2015-02-12",1,"22:37");
insert into PARAGELIA values(3,8,"2015-02-12",5,"22:31");
insert into PARAGELIA values(4,10,"2015-02-12",3,"22:50");
insert into PARAGELIA values(6,2,"2015-02-12",4,"00:00");
insert into PARAGELIA values(8,7,"2015-02-14",3,"10:35");
insert into PARAGELIA values(9,3,"2015-02-14",3,"10:35");
insert into PARAGELIA values(10,9,"2015-02-20",2,"21:15");
insert into PARAGELIA values(13,4,"2015-02-20",7,"22:39");


insert into PERILAMVANEI_PIATA values(1,1,"Italiana",2,"8");
insert into PERILAMVANEI_PIATA values(2,1,"Spring Rolls",1,NULL);
insert into PERILAMVANEI_PIATA values(3,2,"Chicken noodles ",3,NULL);
insert into PERILAMVANEI_PIATA values(4,2,"Margerita",1,"16");
insert into PERILAMVANEI_PIATA values(6,3,"Ceasars",1,NULL);
insert into PERILAMVANEI_PIATA values(8,4,"Spring Rolls",2,NULL);
insert into PERILAMVANEI_PIATA values(9,4,"Piato Imeras",1,NULL);
insert into PERILAMVANEI_PIATA values(10,6,"Sharks fin",3,NULL);
insert into PERILAMVANEI_PIATA values(11,6,"Peperoni",2,"8");
insert into PERILAMVANEI_PIATA values(12,8,"Peperoni",2,NULL);
insert into PERILAMVANEI_PIATA values(13,9,"Marinara",3,NULL);
insert into PERILAMVANEI_PIATA values(14,10,"Ceasars",3,NULL);
insert into PERILAMVANEI_PIATA values(15,13,"Capriciosa",2,NULL);


insert into PERILAMVANEI_POTA values(1,"Cola",2);
insert into PERILAMVANEI_POTA values(2,"Cola",1);
insert into PERILAMVANEI_POTA values(2,"Agiorgitiko",1);
insert into PERILAMVANEI_POTA values(3,"Agiorgitiko",1);
insert into PERILAMVANEI_POTA values(4,"Amstel",5);
insert into PERILAMVANEI_POTA values(4,"Vareli",4);
insert into PERILAMVANEI_POTA values(3,"Vareli",4);
insert into PERILAMVANEI_POTA values(6,"Vareli",2);
insert into PERILAMVANEI_POTA values(8,"Mpoutari 1980",1);
insert into PERILAMVANEI_POTA values(8,"Vareli",4);
insert into PERILAMVANEI_POTA values(9,"Vareli",4);
insert into PERILAMVANEI_POTA values(10,"Sprite",3);
insert into PERILAMVANEI_POTA values(13,"Vareli",4);

insert into EPIPLEON_SISTATIKA values(1,"Prosouto");
insert into EPIPLEON_SISTATIKA values(4,"Mpeikon");
insert into EPIPLEON_SISTATIKA values(11,"Motsarela");
insert into EPIPLEON_SISTATIKA values(12,"Roka");





